[1] 체감온도 눈금 (연속 스케일 · 20대 여성 데일리룩) — 계절 아님, 오늘 숫자로 결정
구분,체감온도,이름,대표조건,상의,하의,원피스,신발,소재,아우터·소품,예시 코디
온도밴드,28°C 이상,무더위·폭염,"한여름 낮, 열대야","민소매, 반팔 티, 크롭, 얇은 반팔 블라우스","반바지, 미니스커트, 린넨 와이드, 얇은 롱스커트",린넨·코튼 여름 원피스,"샌들, 뮬, 메시 스니커즈","린넨, 시어서커, 인견, 얇은 코튼",얇은 가디건 상시 휴대,린넨 반팔 원피스 + 스트랩 샌들 + 토트백
온도밴드,23–27°C,따뜻함,"초여름, 여름 아침·저녁","반팔 티, 블라우스, 얇은 셔츠, 슬리브리스+가디건","반바지, 데님 와이드, 롱스커트, 슬랙스","코튼 원피스, 셔츠 원피스","스니커즈, 샌들, 로퍼, 플랫","코튼, 얇은 데님, 레이온",얇은 셔츠·가디건,반팔 니트 + 데님 롱스커트 + 화이트 스니커즈
온도밴드,20–22°C,선선함,"장마 흐린날, 이른 아침, 비 온 뒤","얇은 긴팔, 반팔+가디건, 얇은 니트","슬랙스, 데님, 롱스커트",—,"로퍼, 스니커즈(발 안 젖는 것)","코튼, 얇은 니트","얇은 가디건, 셔츠 재킷, 바람막이",얇은 니트 + 슬랙스 + 로퍼 + 얇은 셔츠 아우터
온도밴드,17–19°C,서늘,"장마철 서늘한 날·새벽, 봄·가을 낮","얇은 맨투맨·니트, 가디건 레이어, 후드","청바지, 슬랙스",—,로퍼·스니커즈,얇은 니트,가디건 필수,얇은 맨투맨 + 청바지 + 가디건
온도밴드,12–16°C,쌀쌀,"환절기 (늦가을·초봄) 낮, 가을 아침","맨투맨, 셔츠, 니트, 후드","청바지, 슬랙스, 스커트+스타킹","니트 원피스, 셔츠 원피스(+스타킹)","스니커즈, 로퍼, 앵클부츠","면, 니트, 얇은 울, 데님","재킷·청재킷·가디건·야상·트렌치 — 낮에 벗을 수 있는 것으로",맨투맨 + 청바지 + 청재킷 + 스니커즈
온도밴드,9–11°C,추움,"늦가을 아침, 초겨울 문턱","니트, 두꺼운 맨투맨, 터틀넥","청바지, 두꺼운 슬랙스, 스커트+두꺼운 타이츠",니트 원피스 + 타이츠,"앵클부츠, 로퍼, 스니커즈(두꺼운 양말)","울 혼방, 두꺼운 니트, 코듀로이","트렌치코트, 야상, 점퍼, 경량 패딩",터틀넥 니트 + 슬랙스 + 트렌치코트 + 앵클부츠
온도밴드,5–8°C,겨울 초입,"초겨울, 한겨울 낮","히트텍·이너 + 두꺼운 니트, 터틀넥","기모 팬츠, 두꺼운 슬랙스, 스커트+기모 레깅스",두꺼운 니트 원피스 + 기모 타이츠,"부츠, 방한 스니커즈, 로퍼(두꺼운 양말)","울, 캐시미어, 기모, 가죽","울 코트, 가죽 재킷, 무스탕, 경량 패딩 · 목도리 권장",히트텍 + 니트 + 울코트 + 기모팬츠 + 부츠
온도밴드,4°C 이하,한겨울·한파,"한겨울 아침, 한파주의보","히트텍 + 기모 맨투맨·후드, 두꺼운 니트","기모·누빔 바지, 기모 레깅스 겹쳐입기","권하지 않음 (하의 노출) — 입으려면 기모 타이츠 필수","패딩부츠, 방한부츠, 어그(눈 오면 ❌ — [6] 참고)","다운(패딩), 두꺼운 울, 누빔, 기모, 플리스","롱패딩·두꺼운 코트·누빔 · 목도리·장갑·모자 필수",히트텍 + 기모 후드 + 롱패딩 + 기모바지 + 패딩부츠 + 목도리

[2] 강수(비) 대응 — 위 베이스에 덮어쓰기
구분,강수량(1시간)·확률,우산,신발,소재·기장 규칙
강수,강수없음 · POP<30%,불필요(접이 예비),자유,평소대로
강수,1mm 미만 · 이슬비,접이우산,젖어도 되는 스니커즈·샌들,밝은색 비침 주의
강수,1–3mm · 약한 비,접이·장우산,방수 스니커즈·샌들(양말X),"밑단 짧게(크롭·앵클), 린넨·스웨이드 지양"
강수,3–10mm · 보통 비,장우산,방수화·레인슈즈·샌들,"와이드·롱스커트 밑단 젖음 주의, 방수 아우터"
강수,10mm+ · 장마·태풍,장우산 + 방수 아우터,레인부츠·방수화,"린넨·실크·스웨이드·캔버스 금지, 어두운색·짧은 기장, 여벌 양말"

[3] 일교차 · 냉난방 대응 — 아우터 얹기
구분,일교차(최고−최저),대응
일교차,5°C 미만,레이어 불필요
일교차,5–8°C,얇은 여름 아우터 휴대(린넨 셔츠·얇은 가디건·바람막이)
일교차,8°C 이상,탈착 쉬운 아우터 필수(아침 기준 입고 낮에 벗기)
일교차,10°C 이상 (봄·가을에 가장 잦음),"아침 기준으로 입되 낮에 벗어서 들고 다닐 수 있는 부피여야 한다 — 두꺼운 한 겹보다 얇은 여러 겹"
냉방(상시),실내외 10°C+,어깨 덮는 얇은 것 항상 소지 — 폭염이어도 기본값으로
난방(상시·겨울),실내외 15°C+,"겨울 실내는 덥다 — 벗을 수 있는 레이어로 입는다. 두꺼운 니트 한 겹보다 이너+니트 두 겹"

[4] 소재 규칙 (비·눈 예보 시)
구분,분류,소재
소재규칙,비 올 때 피하기(❌),"스웨이드, 린넨, 실크, 캔버스화, 밝은색 니트, 종이가방"
소재규칙,비 올 때 유리(✅),"방수·발수 가공, 나일론, 폴리 바람막이, 합성 소재, 어두운색, 레인부츠"
소재규칙,눈·빙판 피하기(❌),"스웨이드, 어그(젖으면 망가짐), 캔버스화, 굽·매끈한 밑창, 바닥 쓸리는 롱코트·롱스커트, 얇은 스타킹"
소재규칙,눈·빙판 유리(✅),"방수·발수 가공, 고어텍스, 미끄럼 방지 밑창, 기모·플리스 안감, 어두운색, 방한 장갑"

[5] 기상청 데이터 → 규칙 매핑 (개발 핸드오프)
구분,규칙 축,기상청 필드,처리
매핑,온도 밴드,TMP + REH,기온으로 밴드 결정 · 습도 70%↑면 +1밴드 보정
매핑,강수 대응,PCP · PTY · POP,PCP 범주 파싱 → 강수 단계 · POP·PTY로 우산/소재 규칙 발동
매핑,일교차,TMX − TMN,차이로 레이어 플래그(5/8°C 임계)
매핑,냉방,(데이터 아님),"장시간 실내" 사용자 설정/기본값으로 상시 아우터 제안
매핑,강설 대응,PTY · SNO,"PTY 2(비/눈)·3(눈)이면 [6] 강설 규칙 발동 · SNO(1시간 신적설) 범주 파싱 → 적설 단계"
매핑,결빙(빙판),TMP · 전일 PCP/SNO,"기온 0°C 이하 + 전날 강수/적설 있으면 빙판 플래그 — 눈이 안 와도 발동"
매핑,난방,(데이터 아님),겨울 실내 과열 → 레이어 제안(냉방 규칙의 겨울판)
주의,⚠️ 미구현,SNO,"현재 프로토타입(api/weather.js)은 TMP·REH·POP·PCP·PTY·TMN·TMX만 받는다. 적설(SNO)은 안 받는다 — 눈 규칙을 켜려면 먼저 받아와야 한다"

[6] 강설(눈)·결빙 대응 — 겨울 확장(2026-08-16). 위 온도밴드에 덮어쓴다. 🚫 [2] 강수와 마찬가지로 절대 완화하지 않는다
구분,상태,신발,하의·기장,소재·소품,비고
강설,눈 없음 (PTY 0),자유,평소대로,—,—
강설,진눈깨비 (PTY 2 비/눈),방수화·방수 앵클부츠,밑단 짧게,방수 아우터 + 접이우산,젖고 얼어서 제일 곤란하다 — [2] 비 규칙과 [6] 눈 규칙을 둘 다 적용
강설,눈 (PTY 3) · 적설 1cm 미만,미끄럼 방지 밑창 부츠,밑단 짧게,어두운색·발수 아우터,우산보다 모자·후드가 낫다(눈은 털면 된다)
강설,눈 (PTY 3) · 적설 1–5cm,방한 방수 부츠,롱코트·롱스커트 밑단 젖음 주의,방수 아우터 + 장갑,와이드·롱 기장 지양
강설,적설 5cm 이상 · 대설,방한 방수 부츠(목 긴 것),기장 짧게 · 치마보다 바지,방수 아우터 + 장갑 + 목도리,🚫 굽·스웨이드·캔버스·어그 금지
결빙,기온 0°C 이하 + 전날 강수·적설,미끄럼 방지 밑창 (굽·매끈한 밑창 🚫),—,—,빙판. 눈이 안 와도 발동한다 — 넘어지면 비 젖는 것보다 크게 다친다
